{"mean reward": 0.33929395057123063, "standard deviation of the reward": 27.817542600935283, "treatment time": 1200.0, "learning rate": 0.0001, "Difference of final DM": 636.7362733250789, "Difference on PTV": 102.46351981238614, "Dose moyenne PTV": 1.9687336067108794, "Dose moyenne OAR": 0.0010111634802946249, "Dose moyenne Autour": 1.0310129578335383, "D98 PTV": 0.45826822916666665, "D30 OAR": 0.00146484375, "minimum PTV": 0.2765757580567077, "D98_PTV_treat ": 50.421142578125, "D80_PTV_treat ": 55.657958984375, "D30_PTV_treat ": 61.19287109374999, "D30_OAR_treat ": 0, "mean_OAR_treat ": 0.03033490440883874, "exploration rate ": 0.12179346969926291, "_timestamp": 1708150630.0730858, "_runtime": 161085.4647898674, "_step": 99, "_wandb": {"runtime": 161084}}