{"mean reward": -2.602452400752031, "standard deviation of the reward": 0.44769667575718064, "treatment time": 900.0, "learning rate": 0.0001, "Difference of final DM": 244.0, "Difference on PTV": 162.0, "Dose moyenne PTV": 0.0, "Dose moyenne OAR": 0.0, "Dose moyenne Autour": 0.0, "D98 PTV": 0.00146484375, "D30 OAR": 0.00146484375, "minimum PTV": 0.0, "D98_PTV_treat ": 0.032958984375, "D80_PTV_treat ": 0.032958984375, "D30_OAR_treat ": 0.032958984375, "mean_OAR_treat ": 0.0, "_timestamp": 1701446388.425499, "_runtime": 4147.030286073685, "_step": 5, "_wandb": {"runtime": 4534}}