{"mean reward": 0.12323941945905091, "standard deviation of the reward": 63.79089612210677, "treatment time": 1000.0, "learning rate": 0.0001, "Difference of final DM": 338.19532565384714, "Difference on PTV": 126.26265611863363, "Dose moyenne PTV": 1.8778817281042974, "Dose moyenne OAR": 0.00012745661392261966, "Dose moyenne Autour": 1.0418547510143363, "D98 PTV": 0.29827473958333334, "D30 OAR": 0.00146484375, "minimum PTV": 0.13512817984305192, "D98_PTV_treat ": 37.073974609375, "D80_PTV_treat ": 48.917236328125, "D30_PTV_treat ": 61.673583984375, "D30_OAR_treat ": 0, "mean_OAR_treat ": 0.0038236984176785896, "exploration rate ": 0.12179346969926291, "_timestamp": 1707822956.9162652, "_runtime": 67301.30263829231, "_step": 99, "_wandb": {"runtime": 67300}}