{"mean reward": 0.3747241643793339, "standard deviation of the reward": 37.84474769397382, "treatment time": 1200.0, "learning rate": 0.0001, "Difference of final DM": 642.9022320763911, "Difference on PTV": 107.99648086785187, "Dose moyenne PTV": 1.9185737158170706, "Dose moyenne OAR": 0.0015689429472245258, "Dose moyenne Autour": 1.1558444854794432, "D98 PTV": 0.41643880208333334, "D30 OAR": 0.00146484375, "minimum PTV": 0.2348248793890093, "D98_PTV_treat ": 44.378662109375, "D80_PTV_treat ": 51.699462890625, "D30_PTV_treat ": 61.595703125, "D30_OAR_treat ": 0, "mean_OAR_treat ": 0.04706828841673577, "exploration rate ": 0.12179346969926291, "_timestamp": 1708150464.4925516, "_runtime": 161340.9670226574, "_step": 99, "_wandb": {"runtime": 161340}}