{"mean reward": 0.2225473216338928, "standard deviation of the reward": 88.94078412147228, "treatment time": 1200.0, "learning rate": 0.0001, "Difference of final DM": 320.24756606675396, "Difference on PTV": 129.2851609628145, "Dose moyenne PTV": 1.6150122938472211, "Dose moyenne OAR": 2.49039895382097e-05, "Dose moyenne Autour": 0.5217367865814478, "D98 PTV": 0.23245442708333333, "D30 OAR": 0.00146484375, "minimum PTV": 0.17056057511973363, "D98_PTV_treat ": 15.321044921875, "D80_PTV_treat ": 30.762939453125, "D30_PTV_treat ": 61.485595703125, "D30_OAR_treat ": 0, "mean_OAR_treat ": 0.0007471196861462908, "_timestamp": 1706936873.5738878, "_runtime": 71039.71142983437, "_step": 59, "_wandb": {"runtime": 71743}}