{"mean reward": 0.30702099692602736, "standard deviation of the reward": 31.089308801185503, "treatment time": 1000.0, "learning rate": 0.0001, "Difference of final DM": 654.6842713225017, "Difference on PTV": 105.31115940997104, "Dose moyenne PTV": 1.8367798401411932, "Dose moyenne OAR": 0.0009578481192468731, "Dose moyenne Autour": 1.6032579403597182, "D98 PTV": 0.343359375, "D30 OAR": 0.00146484375, "minimum PTV": 0.18682235813521328, "D98_PTV_treat ": 42.982177734375, "D80_PTV_treat ": 49.991455078125, "D30_PTV_treat ": 58.585205078125, "D30_OAR_treat ": 0, "mean_OAR_treat ": 0.028735443577406195, "exploration rate ": 0.12179346969926291, "_timestamp": 1707893829.9993436, "_runtime": 82252.47756266594, "_step": 99, "_wandb": {"runtime": 82251}}