{"mean reward": 0.2089050075040655, "standard deviation of the reward": 79.5408776384638, "treatment time": 1000.0, "learning rate": 0.0001, "Difference of final DM": 267.25936255100794, "Difference on PTV": 99.74910772593756, "Dose moyenne PTV": 2.359828696146807, "Dose moyenne OAR": 2.7234424101297216e-05, "Dose moyenne Autour": 0.7275119242282593, "D98 PTV": 0.7662109375, "D30 OAR": 0.00146484375, "minimum PTV": 0.5689838899321782, "D98_PTV_treat ": 52.408447265625, "D80_PTV_treat ": 63.687744140625, "D30_PTV_treat ": 74.644775390625, "D30_OAR_treat ": 0, "mean_OAR_treat ": 0.0008170327230389165, "_timestamp": 1707090324.8073065, "_runtime": 59060.019919633865, "_step": 99, "_wandb": {"runtime": 59058}}