{"mean reward": 0.039488362581078844, "standard deviation of the reward": 92.05299341311895, "treatment time": 1000.0, "learning rate": 0.0001, "Difference of final DM": 410.75694739495424, "Difference on PTV": 177.01545006248065, "Dose moyenne PTV": 1.2030128718713013, "Dose moyenne OAR": 9.622274589132288e-05, "Dose moyenne Autour": 0.7121222777989147, "D98 PTV": 0.06139322916666667, "D30 OAR": 0.00146484375, "minimum PTV": 0.022154517128128135, "D98_PTV_treat ": 7.344970703125, "D80_PTV_treat ": 19.483642578125, "D30_PTV_treat ": 43.626708984375, "D30_OAR_treat ": 0, "mean_OAR_treat ": 0.0028866823767396865, "exploration rate ": 0.14906073078506613, "_timestamp": 1707810537.5107305, "_runtime": 84816.92829060555, "_step": 89, "_wandb": {"runtime": 85301}}