{"mean reward": 0.35134679511991107, "standard deviation of the reward": 36.4649707607916, "treatment time": 1200.0, "learning rate": 0.0001, "Difference of final DM": 644.595011876494, "Difference on PTV": 106.16626268146382, "Dose moyenne PTV": 1.962921587602762, "Dose moyenne OAR": 0.0010863244833116748, "Dose moyenne Autour": 1.083052392028105, "D98 PTV": 0.40524088541666664, "D30 OAR": 0.00146484375, "minimum PTV": 0.2309885609857597, "D98_PTV_treat ": 47.843017578125, "D80_PTV_treat ": 54.127197265625, "D30_PTV_treat ": 62.103271484375, "D30_OAR_treat ": 0, "mean_OAR_treat ": 0.03258973449935025, "exploration rate ": 0.12179346969926291, "_timestamp": 1708149262.5626156, "_runtime": 160007.29989171028, "_step": 99, "_wandb": {"runtime": 160006}}