{"mean reward": -54.04755283627177, "standard deviation of the reward": 437.05506345495314, "treatment time": 900.0, "learning rate": 0.0001, "Difference of final DM": 975.5302406582593, "Difference on PTV": 847.9412860757257, "Dose moyenne PTV": 10.295383595723653, "Dose moyenne OAR": 0.00047728575397300885, "Dose moyenne Autour": 0.9614909870200877, "D98 PTV": 0.0001953125, "D30 OAR": 0.000732421875, "minimum PTV": 0.0, "D98_PTV_treat ": 0, "D80_PTV_treat ": 0.076904296875, "D30_OAR_treat ": 0.032958984375, "mean_OAR_treat ": 0.014318572619190268, "_timestamp": 1701340831.967874, "_runtime": 2924.4723019599915, "_step": 3}