{"mean reward": -54.023401265207724, "standard deviation of the reward": 430.82810799348226, "treatment time": 900.0, "learning rate": 0.0001, "Difference of final DM": 976.4154064000851, "Difference on PTV": 849.1477820260435, "Dose moyenne PTV": 10.300123022588464, "Dose moyenne OAR": 0.0005210447639720531, "Dose moyenne Autour": 0.9549117532030518, "D98 PTV": 4.8828125e-05, "D30 OAR": 0.00068359375, "minimum PTV": 0.0, "D98_PTV_treat ": 0, "D80_PTV_treat ": 0, "D30_OAR_treat ": 0, "mean_OAR_treat ": 0.01563134291916159, "_timestamp": 1701342293.5128698, "_runtime": 4386.017297744751, "_step": 5, "_wandb": {"runtime": 4961}}